{"SEMG2": {"fits": {"Constrained model": {"AIC-c": 14851.79598826527, "Log Likelihood": -7355.542816543839, "Rate Distributions": {"Background": {"0": {"omega": 0.893388616972318, "proportion": 0}, "1": {"omega": 0.9364131016514597, "proportion": 0}, "2": {"omega": 1.171014791916512, "proportion": 1}}, "Synonymous site-to-site rates": {"0": {"proportion": 0.1085502193277874, "rate": 0.1605066507405392}, "1": {"proportion": 0.6724562131928773, "rate": 0.8251804232981017}, "2": {"proportion": 0.2189935674793353, "rate": 1.952930719058521}}, "Test": {"0": {"omega": 1, "proportion": 0.0605568459866897}, "1": {"omega": 1, "proportion": 0.04253060996021117}, "2": {"omega": 1, "proportion": 0.8969125440530992}}}, "display order": 3, "estimated parameters": 70}, "Constrained model (background branches)": {"AIC-c": 14828.90137092495, "Log Likelihood": -7344.095507873679, "Rate Distributions": {"Background": {"0": {"omega": 0.8946408409572448, "proportion": 0}, "1": {"omega": 0.9386637151334684, "proportion": 0}, "2": {"omega": 1, "proportion": 1}}, "Synonymous site-to-site rates": {"0": {"proportion": 0.6171779207764491, "rate": 0.5826219780928121}, "1": {"proportion": 0.2832520154658826, "rate": 1.667160575870477}, "2": {"proportion": 0.09957006375766833, "rate": 1.689182264167115}}, "Test": {"0": {"omega": 0.8007059768992056, "proportion": 0.1738900246638433}, "1": {"omega": 0.8100550613583931, "proportion": 0.384974340279753}, "2": {"omega": 3.963367817025358, "proportion": 0.4411356350564037}}}, "display order": 3, "estimated parameters": 70}, "MG94xREV with separate rates for branch sets": {"AIC-c": 14858.76269109497, "Equilibrium frequencies": [[0.07163738445538492], [0.02458677285373128], [0.01904665471262465], [0.04622110169194874], [0.02344589935676655], [0.008046901854649322], [0.006233699804511957], [0.01512751067989113], [0.02501463998595969], [0.008585311650171831], [0.006650790145331361], [0.01613967661394175], [0.02042816431217203], [0.007011180539050497], [0.005431356756317959], [0.01318044017423316], [0.0637096790287968], [0.02186589332893223], [0.01693886882580652], [0.04110607297486387], [0.02085127386932101], [0.007156396597020111], [0.005543851394444329], [0.0134534343659739], [0.02224641081806837], [0.007635223616173247], [0.005914784698914217], [0.0143535896029704], [0.01816749454729947], [0.006235292719739675], [0.004830299127565277], [0.01172183517506315], [0.06037845691646458], [0.02072257965236649], [0.01605317711850853], [0.03895673771949217], [0.01976101214390278], [0.006782206254955494], [0.005253977067117874], [0.012749987437188], [0.02108320081973076], [0.007235996589283014], [0.005605515183213135], [0.01360307577515557], [0.01721756102881033], [0.005909264629479286], [0.004577734689818675], [0.01110892930067263], [0.01644296214514005], [0.03091141037291694], [0.01567997711109001], [0.005381548175061779], [0.004168928167984501], [0.01011686596445303], [0.005741621940700594], [0.00444786679592063], [0.01079377489582053], [0.01366179833677398], [0.004688886047883847], [0.003632343051777678], [0.008814718390677644]], "Log Likelihood": -7371.13700424081, "Rate Distributions": {"non-synonymous/synonymous rate ratio for *background*": [[1.178091690120644, 1]], "non-synonymous/synonymous rate ratio for *test*": [[1.737946359270138, 1]]}, "display order": 1, "estimated parameters": 58}, "Nucleotide GTR": {"AIC-c": 15258.90426843922, "Equilibrium frequencies": [[0.4062421079215422], [0.2084841597216376], [0.1854322754440609], [0.1998414569127592]], "Log Likelihood": -7576.384214527173, "Rate Distributions": {"Substitution rate from nucleotide A to nucleotide C": 0.3770805783811508, "Substitution rate from nucleotide A to nucleotide G": 1, "Substitution rate from nucleotide A to nucleotide T": 0.2003955071872777, "Substitution rate from nucleotide C to nucleotide G": 0.409897831068468, "Substitution rate from nucleotide C to nucleotide T": 1.260569732674374, "Substitution rate from nucleotide G to nucleotide T": 0.4002468275295828}, "display order": 0, "estimated parameters": 53}, "Shared distribution model": {"AIC-c": 14827.51655016197, "Log Likelihood": -7347.44235023995, "Rate Distributions": {"Synonymous site-to-site rates": {"0": {"proportion": 0.05124265306847984, "rate": 0.07961845590503468}, "1": {"proportion": 0.6774994628415699, "rate": 0.7229055460907168}, "2": {"proportion": 0.2712578840899503, "rate": 1.865943995038742}}, "Test": {"0": {"omega": 0.4896111638910749, "proportion": 0.07399549101580864}, "1": {"omega": 0.540467062645623, "proportion": 0.2656491690163588}, "2": {"omega": 1.961983288817166, "proportion": 0.6603553399678327}}}, "display order": 3, "estimated parameters": 66}, "Unconstrained model": {"AIC-c": 14828.74737608557, "Log Likelihood": -7343.008336413282, "Rate Distributions": {"Background": {"0": {"omega": 0.9393378182592889, "proportion": 0}, "1": {"omega": 0.9845751593250384, "proportion": 0}, "2": {"omega": 1.183855652229995, "proportion": 1}}, "Synonymous site-to-site rates": {"0": {"proportion": 0.6155525540894164, "rate": 0.5817063195165455}, "1": {"proportion": 0.302999700236149, "rate": 1.667978076380777}, "2": {"proportion": 0.08144774567443461, "rate": 1.67631812295387}}, "Test": {"0": {"omega": 0.7980279780862661, "proportion": 0.1847426572627082}, "1": {"omega": 0.8107467227299361, "proportion": 0.3745159961672624}, "2": {"omega": 3.966343826535542, "proportion": 0.4407413465700293}}}, "display order": 2, "estimated parameters": 71}}, "tree": "((AOTUS_NANCYMAAE,ATELES_GEOFFROYI)Node1,(((((MANDRILLUS_SPHINX,PAPIO_ANUBIS)Node8,((MACACA_MULATTA,MACACA_FASCICULARIS)Node12,MACACA_NEMESTRINA)Node11)Node7,CHLOROCEBUS_AETHIOPS)Node6,(NASALIS_LARVATUS,COLOBUS_GUEREZA)Node17)Node5,((((HYLOBATES_PILEATUS,(HYLOBATES_LAR,HYLOBATES_AGILIS,HYLOBATES_KLOSSII)Node25)Node23,SYMPHALANGUS_SYNDACTYLUS)Node22,(NOMASCUS_LEUCOGENYS,NOMASCUS_GABRIELLAE)Node31)Node21,((GORILLA_GORILLA,HOMO_SAPIENS,PAN_TROGLODYTES,PAN_PANISCUS)Node35,(PONGO_ABELII,PONGO_PYGMAEUS)Node42)Node34)Node20)Node4,LEMUR_CATTA)", "sequences": 24, "sites": 586, "tests": {"FG": {"LRT": 25.06896026111463, "p-value": 1.800173855981413e-06}, "BG": {"LRT": 2.174342920794516, "p-value": 0.1685844207908838}, "DIFF": {"LRT": 8.868027653335957, "p-value": 0.114445295144515}}, "tested": {"0": {"AOTUS_NANCYMAAE": "background", "ATELES_GEOFFROYI": "test", "CHLOROCEBUS_AETHIOPS": "test", "COLOBUS_GUEREZA": "background", "GORILLA_GORILLA": "background", "HOMO_SAPIENS": "background", "HYLOBATES_AGILIS": "background", "HYLOBATES_KLOSSII": "background", "HYLOBATES_LAR": "background", "HYLOBATES_PILEATUS": "background", "LEMUR_CATTA": "test", "MACACA_FASCICULARIS": "test", "MACACA_MULATTA": "test", "MACACA_NEMESTRINA": "test", "MANDRILLUS_SPHINX": "background", "NASALIS_LARVATUS": "background", "NOMASCUS_GABRIELLAE": "background", "NOMASCUS_LEUCOGENYS": "background", "Node1": "background", "Node11": "test", "Node12": "test", "Node17": "background", "Node20": "background", "Node21": "background", "Node22": "background", "Node23": "background", "Node25": "background", "Node31": "background", "Node34": "background", "Node35": "background", "Node4": "background", "Node42": "background", "Node5": "background", "Node6": "background", "Node7": "background", "Node8": "background", "PAN_PANISCUS": "test", "PAN_TROGLODYTES": "test", "PAPIO_ANUBIS": "test", "PONGO_ABELII": "background", "PONGO_PYGMAEUS": "background", "SYMPHALANGUS_SYNDACTYLUS": "background"}}, "distributions": {"unconstrained": {"AIC-c": 14828.74737608557, "Log Likelihood": -7343.008336413282, "Rate Distributions": {"Background": {"0": {"omega": 0.9393378182592889, "proportion": 0}, "1": {"omega": 0.9845751593250384, "proportion": 0}, "2": {"omega": 1.183855652229995, "proportion": 1}}, "Synonymous site-to-site rates": {"0": {"proportion": 0.6155525540894164, "rate": 0.5817063195165455}, "1": {"proportion": 0.302999700236149, "rate": 1.667978076380777}, "2": {"proportion": 0.08144774567443461,