{"rspb20220841_si_004": {"fits": {"MG94xREV with separate rates for branch sets": {"AIC-c": 2868.635984908502, "Equilibrium frequencies": [[0.03107568699689301], [0.05143448673689558], [0.0639419610305131], [0.02042787685788331], [0.008280886803605588], [0.01370599345116231], [0.01703891989088378], [0.005443513957230898], [0.0191631469296895], [0.03171761340918519], [0.03943047805580976], [0.01259706360565289], [0.0197829213121727], [0.03274342427086903], [0.04070573833940103], [0.01300447776085092], [0.02288209337497447], [0.03787297536898223], [0.0470826573528516], [0.01504174584334372], [0.006097500759569427], [0.01009219271572792], [0.01254634068076737], [0.004008245889134736], [0.01411048185185259], [0.02335476579272023], [0.02903401237060757], [0.00927564966476401], [0.01456684297084622], [0.0241101054872042], [0.02997303022367867], [0.00957564267030753], [0.01166141151471014], [0.01930122143226661], [0.02399475579442296], [0.007665731683917999], [0.003107472048268228], [0.005143288702447867], [0.00639399723113577], [0.002042724151124463], [0.007191131198042581], [0.01190229977107111], [0.01479661675304294], [0.004727153500972768], [0.007423706719901022], [0.01228724387851918], [0.01527516884287479], [0.004880039071005611], [0.018821137090982], [0.007475059929860714], [0.003030179081261529], [0.005015358334029661], [0.006234957661559424], [0.001991914937730366], [0.01160625074819351], [0.0144285766250099], [0.00460957377252761], [0.007239054916230415], [0.01198162003992828], [0.01489522556323948], [0.00475865657969186]], "Log Likelihood": -1363.273115231559, "Rate Distributions": {"non-synonymous/synonymous rate ratio for *background*": [[0.007427847287915788, 1]], "non-synonymous/synonymous rate ratio for *test*": [[0.01135465317237312, 1]]}, "display order": 1, "estimated parameters": 69}, "Nucleotide GTR": {"AIC-c": 4098.286344782464, "Equilibrium frequencies": [[0.3248355263157894], [0.246984649122807], [0.2605537280701755], [0.1676260964912281]], "Log Likelihood": -1979.474752795328, "Rate Distributions": {"Substitution rate from nucleotide A to nucleotide C": 0.374616852924381, "Substitution rate from nucleotide A to nucleotide G": 1, "Substitution rate from nucleotide A to nucleotide T": 0.07781888174232555, "Substitution rate from nucleotide C to nucleotide G": 0.6080245881167291, "Substitution rate from nucleotide C to nucleotide T": 1.799333256520419, "Substitution rate from nucleotide G to nucleotide T": 0.3269726392448312}, "display order": 0, "estimated parameters": 69}, "Shared distribution model": {"AIC-c": 2792.334795101509, "Log Likelihood": -1316.615995681596, "Rate Distributions": {"Synonymous site-to-site rates": {"0": {"proportion": 0.4671311255395683, "rate": 0.2372540681541646}, "1": {"proportion": 0.4869325932287513, "rate": 1.236275168872413}, "2": {"proportion": 0.04593628123168042, "rate": 6.251889758609469}}, "Test": {"0": {"omega": 0.005861658579745607, "proportion": 0.9217376851308174}, "1": {"omega": 0.006696254862071121, "proportion": 0.07826231486918256}, "2": {"omega": 1.316251355580114, "proportion": 0}}}, "display order": 3, "estimated parameters": 77}, "Unconstrained model": {"AIC-c": 2802.490185406446, "Log Likelihood": -1316.347689552946, "Rate Distributions": {"Background": {"0": {"omega": 0.004816008733623883, "proportion": 0.9593447564390569}, "1": {"omega": 0.007797452150791391, "proportion": 0.04065524356094308}, "2": {"omega": 0.02768336638658226, "proportion": 0}}, "Synonymous site-to-site rates": {"0": {"proportion": 0.4675625589122678, "rate": 0.2366024442317818}, "1": {"proportion": 0.4866527775522292, "rate": 1.235672307798617}, "2": {"proportion": 0.0457846635355029, "rate": 6.290975465445388}}, "Test": {"0": {"omega": 0.00683031746896223, "proportion": 0}, "1": {"omega": 0.008704977839889803, "proportion": 1}, "2": {"omega": 1.225670006079544, "proportion": 0}}}, "display order": 2, "estimated parameters": 82}}, "tree": "(((Microcaecilia_unicolor,Geotrypetes_seraphini)Node3,Rhinatrema_bivittatum)Node2,((Leptobrachium_leishanense,Nanorana_parkeri)Node8,Xenopus_tropicalis)Node7,((((((Bos_indicus,(Manis_javanica,Canis_lupus)Node19,Equus_caballus)Node17,Pteropus_vampyrus)Node16,Homo_sapiens)Node15,Loxodonta_africana,Procavia_capensis,Trichechus_manatus,Orycteropus_afer,Elephantulus_edwardii,Chrysochloris_asiatica,Echinops_telfairi)Node14,Ornithorhynchus_anatinus)Node13,(Gekko_japonicus,(((Python_bivittatus,(((Thermophis_baileyi,Laticauda_laticaudata,Pantherophis_guttatus)Node48,Hydrophis_cyanocinctus)Node47,Vipera_berus)Node46)Node44,(Varanus_komodoensis,(Anolis_carolinensis,Pogona_vitticeps)Node57)Node55)Node43,(Salvator_merianae,Lacerta_agilis)Node60)Node42)Node40)Node12)", "sequences": 32, "sites": 76, "tests": {"FG": {"LRT": 0, "p-value": 0.5}, "BG": {"LRT": 0, "p-value": 0.5}, "DIFF": {"LRT": 0.5366122572991117, "p-value": 0.9907212878568484}}, "tested": {"0": {"Anolis_carolinensis": "background", "Bos_indicus": "test", "Canis_lupus": "test", "Chrysochloris_asiatica": "test", "Echinops_telfairi": "test", "Elephantulus_edwardii": "test", "Equus_caballus": "test", "Gekko_japonicus": "background", "Geotrypetes_seraphini": "background", "Homo_sapiens": "background", "Hydrophis_cyanocinctus": "test", "Lacerta_agilis": "background", "Laticauda_laticaudata": "test", "Leptobrachium_leishanense": "background", "Loxodonta_africana": "test", "Manis_javanica": "test", "Microcaecilia_unicolor": "background", "Nanorana_parkeri": "background", "Node12": "background", "Node13": "background", "Node14": "background", "Node15": "background", "Node16": "test", "Node17": "test", "Node19": "test", "Node2": "background", "Node3": "background", "Node40": "background", "Node42": "background", "Node43": "background", "Node44": "test", "Node46": "test", "Node47": "test", "Node48": "test", "Node55": "background", "Node57": "background", "Node60": "background", "Node7": "background", "Node8": "background", "Ornithorhynchus_anatinus": "background", "Orycteropus_afer": "test", "Pantherophis_guttatus": "test", "Pogona_vitticeps": "background", "Procavia_capensis": "test", "Pteropus_vampyrus": "test", "Python_bivittatus": "test", "Rhinatrema_bivittatum": "background", "Salvator_merianae": "background", "Thermophis_baileyi": "test", "Trichechus_manatus": "test", "Varanus_komodoensis": "background", "Vipera_berus": "test", "Xenopus_tropicalis": "background"}}, "distributions": {"unconstrained": {"AIC-c": 2802.490185406446, "Log Likelihood": -1316.347689552946, "Rate Distributions": {"Background": {"0": {"omega": 0.004816008733623883, "proportion": 0.9593447564390569}, "1": {"omega": 0.007797452150791391, "proportion": 0.04065524356094308}, "2": {"omega": 0.02768336638658226, "proportion": 0}}, "Synonymous site-to-site rates": {"0": {"proportion": 0.4675625589122678, "rate": 0.2366024442317818}, "1": {"proportion": 0.4866527775522292, "rate": 1.235672307798617}, "2": {"proportion": 0.0457846635355029, "rate": 6.290975465445388}}, "Test": {"0": {"omega": 0.00683031746896223, "proportion": 0}, "1": {"omega": 0.008704977839889803, "proportion": 1}, "2": {"omega": 1.225670006079544, "proportion": 0}}}, "display order": 2, "estimated parameters": 82}, "shared": {"AIC-c": 2792.334795101509, "Log Likelihood": -1316.615995681596, "Rate Distributions": {"Synonymous site-to-site rates": {"0": {"proportion": 0.4671311255395683, "rate": 0.2372540681541646}, "1": {"proportion": 0.4869325932287513, "rate": 1.236275168872413}, "2": {"proportion": 0.04593628123168042, "rate": 6.251889758609469}}, "Test": {"0": {"omega": 0.005861658579745607, "proportion": 0.9217376851308174}, "1": {"omega": 0.006696254862071121, "proportion": 0.07826231486918256}, "2": {"omega": 1.316251355580114, "proportion": 0}}}, "display order": 3, "estimated parameters": 77}}, "lengths": {"Anolis_carolinensis": 0.1835504563718788, "Bos_indicus": 0.00485715838397454, "Canis_lupus": 0.01999170285519479, "Chrysochloris_asiatica": 0.0355971902383606,